<?xml version="1.0" encoding="UTF-8"?>
<window id="1130">
	<defaultcontrol always="true">10</defaultcontrol>
	<menucontrol>6666</menucontrol>
	<backgroundcolor>background</backgroundcolor>
	<include content="PropertyIncludes">
		<param name="ShowHeader" value="true"/>
	</include>
	<controls>
		<!-- background -->
		<include>Background</include>
		<!-- hub -->
		<include condition="String.IsEqual(Window(home).Property(library.tags.0.type),movies) + String.IsEqual(Window(home).Property(TagHubNr),0)" content="TagHubMovieTemplate">
			<param name="nr" value="0"/>
		</include>
		<include condition="String.IsEqual(Window(home).Property(library.tags.1.type),movies) + String.IsEqual(Window(home).Property(TagHubNr),1)" content="TagHubMovieTemplate">
			<param name="nr" value="1"/>
		</include>
		<include condition="String.IsEqual(Window(home).Property(library.tags.2.type),movies) + String.IsEqual(Window(home).Property(TagHubNr),2)" content="TagHubMovieTemplate">
			<param name="nr" value="2"/>
		</include>
		<include condition="String.IsEqual(Window(home).Property(library.tags.3.type),movies) + String.IsEqual(Window(home).Property(TagHubNr),3)" content="TagHubMovieTemplate">
			<param name="nr" value="3"/>
		</include>
		<include condition="String.IsEqual(Window(home).Property(library.tags.4.type),movies) + String.IsEqual(Window(home).Property(TagHubNr),4)" content="TagHubMovieTemplate">
			<param name="nr" value="4"/>
		</include>
		<include condition="String.IsEqual(Window(home).Property(library.tags.5.type),movies) + String.IsEqual(Window(home).Property(TagHubNr),5)" content="TagHubMovieTemplate">
			<param name="nr" value="5"/>
		</include>
		<include condition="String.IsEqual(Window(home).Property(library.tags.6.type),movies) + String.IsEqual(Window(home).Property(TagHubNr),6)" content="TagHubMovieTemplate">
			<param name="nr" value="6"/>
		</include>
		<include condition="String.IsEqual(Window(home).Property(library.tags.7.type),movies) + String.IsEqual(Window(home).Property(TagHubNr),7)" content="TagHubMovieTemplate">
			<param name="nr" value="7"/>
		</include>
		<include condition="String.IsEqual(Window(home).Property(library.tags.8.type),movies) + String.IsEqual(Window(home).Property(TagHubNr),8)" content="TagHubMovieTemplate">
			<param name="nr" value="8"/>
		</include>
		<include condition="String.IsEqual(Window(home).Property(library.tags.9.type),movies) + String.IsEqual(Window(home).Property(TagHubNr),9)" content="TagHubMovieTemplate">
			<param name="nr" value="9"/>
		</include>
		<include condition="String.IsEqual(Window(home).Property(library.tags.10.type),movies) + String.IsEqual(Window(home).Property(TagHubNr),10)" content="TagHubMovieTemplate">
			<param name="nr" value="10"/>
		</include>
		<include condition="String.IsEqual(Window(home).Property(library.tags.11.type),movies) + String.IsEqual(Window(home).Property(TagHubNr),11)" content="TagHubMovieTemplate">
			<param name="nr" value="11"/>
		</include>
		<include condition="String.IsEqual(Window(home).Property(library.tags.12.type),movies) + String.IsEqual(Window(home).Property(TagHubNr),12)" content="TagHubMovieTemplate">
			<param name="nr" value="12"/>
		</include>
		<include condition="String.IsEqual(Window(home).Property(library.tags.13.type),movies) + String.IsEqual(Window(home).Property(TagHubNr),13)" content="TagHubMovieTemplate">
			<param name="nr" value="13"/>
		</include>
		<include condition="String.IsEqual(Window(home).Property(library.tags.14.type),movies) + String.IsEqual(Window(home).Property(TagHubNr),14)" content="TagHubMovieTemplate">
			<param name="nr" value="14"/>
		</include>
		<include condition="String.IsEqual(Window(home).Property(library.tags.15.type),movies) + String.IsEqual(Window(home).Property(TagHubNr),15)" content="TagHubMovieTemplate">
			<param name="nr" value="15"/>
		</include>
		<include condition="String.IsEqual(Window(home).Property(library.tags.16.type),movies) + String.IsEqual(Window(home).Property(TagHubNr),16)" content="TagHubMovieTemplate">
			<param name="nr" value="16"/>
		</include>
		<include condition="String.IsEqual(Window(home).Property(library.tags.17.type),movies) + String.IsEqual(Window(home).Property(TagHubNr),17)" content="TagHubMovieTemplate">
			<param name="nr" value="17"/>
		</include>
		<include condition="String.IsEqual(Window(home).Property(library.tags.18.type),movies) + String.IsEqual(Window(home).Property(TagHubNr),18)" content="TagHubMovieTemplate">
			<param name="nr" value="18"/>
		</include>
		<include condition="String.IsEqual(Window(home).Property(library.tags.19.type),movies) + String.IsEqual(Window(home).Property(TagHubNr),19)" content="TagHubMovieTemplate">
			<param name="nr" value="19"/>
		</include>
		<include condition="String.IsEqual(Window(home).Property(library.tags.20.type),movies) + String.IsEqual(Window(home).Property(TagHubNr),20)" content="TagHubMovieTemplate">
			<param name="nr" value="20"/>
		</include>
		<include condition="String.IsEqual(Window(home).Property(library.tags.21.type),movies) + String.IsEqual(Window(home).Property(TagHubNr),21)" content="TagHubMovieTemplate">
			<param name="nr" value="21"/>
		</include>
		<include condition="String.IsEqual(Window(home).Property(library.tags.22.type),movies) + String.IsEqual(Window(home).Property(TagHubNr),22)" content="TagHubMovieTemplate">
			<param name="nr" value="22"/>
		</include>
		<include condition="String.IsEqual(Window(home).Property(library.tags.23.type),movies) + String.IsEqual(Window(home).Property(TagHubNr),23)" content="TagHubMovieTemplate">
			<param name="nr" value="23"/>
		</include>
		<include condition="String.IsEqual(Window(home).Property(library.tags.24.type),movies) + String.IsEqual(Window(home).Property(TagHubNr),24)" content="TagHubMovieTemplate">
			<param name="nr" value="24"/>
		</include>
		<include condition="String.IsEqual(Window(home).Property(library.tags.25.type),movies) + String.IsEqual(Window(home).Property(TagHubNr),25)" content="TagHubMovieTemplate">
			<param name="nr" value="25"/>
		</include>
		<include condition="String.IsEqual(Window(home).Property(library.tags.26.type),movies) + String.IsEqual(Window(home).Property(TagHubNr),26)" content="TagHubMovieTemplate">
			<param name="nr" value="26"/>
		</include>
		<include condition="String.IsEqual(Window(home).Property(library.tags.27.type),movies) + String.IsEqual(Window(home).Property(TagHubNr),27)" content="TagHubMovieTemplate">
			<param name="nr" value="27"/>
		</include>
		<include condition="String.IsEqual(Window(home).Property(library.tags.28.type),movies) + String.IsEqual(Window(home).Property(TagHubNr),28)" content="TagHubMovieTemplate">
			<param name="nr" value="28"/>
		</include>
		<include condition="String.IsEqual(Window(home).Property(library.tags.29.type),movies) + String.IsEqual(Window(home).Property(TagHubNr),29)" content="TagHubMovieTemplate">
			<param name="nr" value="29"/>
		</include>

		<include condition="String.IsEqual(Window(home).Property(library.tags.0.type),tvshows) + String.IsEqual(Window(home).Property(TagHubNr),0)" content="TagHubTVShowTemplate">
			<param name="nr" value="0"/>
		</include>
		<include condition="String.IsEqual(Window(home).Property(library.tags.1.type),tvshows) + String.IsEqual(Window(home).Property(TagHubNr),1)" content="TagHubTVShowTemplate">
			<param name="nr" value="1"/>
		</include>
		<include condition="String.IsEqual(Window(home).Property(library.tags.2.type),tvshows) + String.IsEqual(Window(home).Property(TagHubNr),2)" content="TagHubTVShowTemplate">
			<param name="nr" value="2"/>
		</include>
		<include condition="String.IsEqual(Window(home).Property(library.tags.3.type),tvshows) + String.IsEqual(Window(home).Property(TagHubNr),3)" content="TagHubTVShowTemplate">
			<param name="nr" value="3"/>
		</include>
		<include condition="String.IsEqual(Window(home).Property(library.tags.4.type),tvshows) + String.IsEqual(Window(home).Property(TagHubNr),4)" content="TagHubTVShowTemplate">
			<param name="nr" value="4"/>
		</include>
		<include condition="String.IsEqual(Window(home).Property(library.tags.5.type),tvshows) + String.IsEqual(Window(home).Property(TagHubNr),5)" content="TagHubTVShowTemplate">
			<param name="nr" value="5"/>
		</include>
		<include condition="String.IsEqual(Window(home).Property(library.tags.6.type),tvshows) + String.IsEqual(Window(home).Property(TagHubNr),6)" content="TagHubTVShowTemplate">
			<param name="nr" value="6"/>
		</include>
		<include condition="String.IsEqual(Window(home).Property(library.tags.7.type),tvshows) + String.IsEqual(Window(home).Property(TagHubNr),7)" content="TagHubTVShowTemplate">
			<param name="nr" value="7"/>
		</include>
		<include condition="String.IsEqual(Window(home).Property(library.tags.8.type),tvshows) + String.IsEqual(Window(home).Property(TagHubNr),8)" content="TagHubTVShowTemplate">
			<param name="nr" value="8"/>
		</include>
		<include condition="String.IsEqual(Window(home).Property(library.tags.9.type),tvshows) + String.IsEqual(Window(home).Property(TagHubNr),9)" content="TagHubTVShowTemplate">
			<param name="nr" value="9"/>
		</include>
		<include condition="String.IsEqual(Window(home).Property(library.tags.10.type),tvshows) + String.IsEqual(Window(home).Property(TagHubNr),10)" content="TagHubTVShowTemplate">
			<param name="nr" value="10"/>
		</include>
		<include condition="String.IsEqual(Window(home).Property(library.tags.11.type),tvshows) + String.IsEqual(Window(home).Property(TagHubNr),11)" content="TagHubTVShowTemplate">
			<param name="nr" value="11"/>
		</include>
		<include condition="String.IsEqual(Window(home).Property(library.tags.12.type),tvshows) + String.IsEqual(Window(home).Property(TagHubNr),12)" content="TagHubTVShowTemplate">
			<param name="nr" value="12"/>
		</include>
		<include condition="String.IsEqual(Window(home).Property(library.tags.13.type),tvshows) + String.IsEqual(Window(home).Property(TagHubNr),13)" content="TagHubTVShowTemplate">
			<param name="nr" value="13"/>
		</include>
		<include condition="String.IsEqual(Window(home).Property(library.tags.14.type),tvshows) + String.IsEqual(Window(home).Property(TagHubNr),14)" content="TagHubTVShowTemplate">
			<param name="nr" value="14"/>
		</include>
		<include condition="String.IsEqual(Window(home).Property(library.tags.15.type),tvshows) + String.IsEqual(Window(home).Property(TagHubNr),15)" content="TagHubTVShowTemplate">
			<param name="nr" value="15"/>
		</include>
		<include condition="String.IsEqual(Window(home).Property(library.tags.16.type),tvshows) + String.IsEqual(Window(home).Property(TagHubNr),16)" content="TagHubTVShowTemplate">
			<param name="nr" value="16"/>
		</include>
		<include condition="String.IsEqual(Window(home).Property(library.tags.17.type),tvshows) + String.IsEqual(Window(home).Property(TagHubNr),17)" content="TagHubTVShowTemplate">
			<param name="nr" value="17"/>
		</include>
		<include condition="String.IsEqual(Window(home).Property(library.tags.18.type),tvshows) + String.IsEqual(Window(home).Property(TagHubNr),18)" content="TagHubTVShowTemplate">
			<param name="nr" value="18"/>
		</include>
		<include condition="String.IsEqual(Window(home).Property(library.tags.19.type),tvshows) + String.IsEqual(Window(home).Property(TagHubNr),19)" content="TagHubTVShowTemplate">
			<param name="nr" value="19"/>
		</include>
		<include condition="String.IsEqual(Window(home).Property(library.tags.20.type),tvshows) + String.IsEqual(Window(home).Property(TagHubNr),20)" content="TagHubTVShowTemplate">
			<param name="nr" value="20"/>
		</include>
		<include condition="String.IsEqual(Window(home).Property(library.tags.21.type),tvshows) + String.IsEqual(Window(home).Property(TagHubNr),21)" content="TagHubTVShowTemplate">
			<param name="nr" value="21"/>
		</include>
		<include condition="String.IsEqual(Window(home).Property(library.tags.22.type),tvshows) + String.IsEqual(Window(home).Property(TagHubNr),22)" content="TagHubTVShowTemplate">
			<param name="nr" value="22"/>
		</include>
		<include condition="String.IsEqual(Window(home).Property(library.tags.23.type),tvshows) + String.IsEqual(Window(home).Property(TagHubNr),23)" content="TagHubTVShowTemplate">
			<param name="nr" value="23"/>
		</include>
		<include condition="String.IsEqual(Window(home).Property(library.tags.24.type),tvshows) + String.IsEqual(Window(home).Property(TagHubNr),24)" content="TagHubTVShowTemplate">
			<param name="nr" value="24"/>
		</include>
		<include condition="String.IsEqual(Window(home).Property(library.tags.25.type),tvshows) + String.IsEqual(Window(home).Property(TagHubNr),25)" content="TagHubTVShowTemplate">
			<param name="nr" value="25"/>
		</include>
		<include condition="String.IsEqual(Window(home).Property(library.tags.26.type),tvshows) + String.IsEqual(Window(home).Property(TagHubNr),26)" content="TagHubTVShowTemplate">
			<param name="nr" value="26"/>
		</include>
		<include condition="String.IsEqual(Window(home).Property(library.tags.27.type),tvshows) + String.IsEqual(Window(home).Property(TagHubNr),27)" content="TagHubTVShowTemplate">
			<param name="nr" value="27"/>
		</include>
		<include condition="String.IsEqual(Window(home).Property(library.tags.28.type),tvshows) + String.IsEqual(Window(home).Property(TagHubNr),28)" content="TagHubTVShowTemplate">
			<param name="nr" value="28"/>
		</include>
		<include condition="String.IsEqual(Window(home).Property(library.tags.29.type),tvshows) + String.IsEqual(Window(home).Property(TagHubNr),29)" content="TagHubTVShowTemplate">
			<param name="nr" value="29"/>
		</include>

		<include condition="String.IsEqual(Window(home).Property(library.tags.0.type),mixed) + String.IsEqual(Window(home).Property(TagHubNr),0)" content="TagHubMixedTemplate">
			<param name="nr" value="0"/>
		</include>
		<include condition="String.IsEqual(Window(home).Property(library.tags.1.type),mixed) + String.IsEqual(Window(home).Property(TagHubNr),1)" content="TagHubMixedTemplate">
			<param name="nr" value="1"/>
		</include>
		<include condition="String.IsEqual(Window(home).Property(library.tags.2.type),mixed) + String.IsEqual(Window(home).Property(TagHubNr),2)" content="TagHubMixedTemplate">
			<param name="nr" value="2"/>
		</include>
		<include condition="String.IsEqual(Window(home).Property(library.tags.3.type),mixed) + String.IsEqual(Window(home).Property(TagHubNr),3)" content="TagHubMixedTemplate">
			<param name="nr" value="3"/>
		</include>
		<include condition="String.IsEqual(Window(home).Property(library.tags.4.type),mixed) + String.IsEqual(Window(home).Property(TagHubNr),4)" content="TagHubMixedTemplate">
			<param name="nr" value="4"/>
		</include>
		<include condition="String.IsEqual(Window(home).Property(library.tags.5.type),mixed) + String.IsEqual(Window(home).Property(TagHubNr),5)" content="TagHubMixedTemplate">
			<param name="nr" value="5"/>
		</include>
		<include condition="String.IsEqual(Window(home).Property(library.tags.6.type),mixed) + String.IsEqual(Window(home).Property(TagHubNr),6)" content="TagHubMixedTemplate">
			<param name="nr" value="6"/>
		</include>
		<include condition="String.IsEqual(Window(home).Property(library.tags.7.type),mixed) + String.IsEqual(Window(home).Property(TagHubNr),7)" content="TagHubMixedTemplate">
			<param name="nr" value="7"/>
		</include>
		<include condition="String.IsEqual(Window(home).Property(library.tags.8.type),mixed) + String.IsEqual(Window(home).Property(TagHubNr),8)" content="TagHubMixedTemplate">
			<param name="nr" value="8"/>
		</include>
		<include condition="String.IsEqual(Window(home).Property(library.tags.9.type),mixed) + String.IsEqual(Window(home).Property(TagHubNr),9)" content="TagHubMixedTemplate">
			<param name="nr" value="9"/>
		</include>
		<include condition="String.IsEqual(Window(home).Property(library.tags.10.type),mixed) + String.IsEqual(Window(home).Property(TagHubNr),10)" content="TagHubMixedTemplate">
			<param name="nr" value="10"/>
		</include>
		<include condition="String.IsEqual(Window(home).Property(library.tags.11.type),mixed) + String.IsEqual(Window(home).Property(TagHubNr),11)" content="TagHubMixedTemplate">
			<param name="nr" value="11"/>
		</include>
		<include condition="String.IsEqual(Window(home).Property(library.tags.12.type),mixed) + String.IsEqual(Window(home).Property(TagHubNr),12)" content="TagHubMixedTemplate">
			<param name="nr" value="12"/>
		</include>
		<include condition="String.IsEqual(Window(home).Property(library.tags.13.type),mixed) + String.IsEqual(Window(home).Property(TagHubNr),13)" content="TagHubMixedTemplate">
			<param name="nr" value="13"/>
		</include>
		<include condition="String.IsEqual(Window(home).Property(library.tags.14.type),mixed) + String.IsEqual(Window(home).Property(TagHubNr),14)" content="TagHubMixedTemplate">
			<param name="nr" value="14"/>
		</include>
		<include condition="String.IsEqual(Window(home).Property(library.tags.15.type),mixed) + String.IsEqual(Window(home).Property(TagHubNr),15)" content="TagHubMixedTemplate">
			<param name="nr" value="15"/>
		</include>
		<include condition="String.IsEqual(Window(home).Property(library.tags.16.type),mixed) + String.IsEqual(Window(home).Property(TagHubNr),16)" content="TagHubMixedTemplate">
			<param name="nr" value="16"/>
		</include>
		<include condition="String.IsEqual(Window(home).Property(library.tags.17.type),mixed) + String.IsEqual(Window(home).Property(TagHubNr),17)" content="TagHubMixedTemplate">
			<param name="nr" value="17"/>
		</include>
		<include condition="String.IsEqual(Window(home).Property(library.tags.18.type),mixed) + String.IsEqual(Window(home).Property(TagHubNr),18)" content="TagHubMixedTemplate">
			<param name="nr" value="18"/>
		</include>
		<include condition="String.IsEqual(Window(home).Property(library.tags.19.type),mixed) + String.IsEqual(Window(home).Property(TagHubNr),19)" content="TagHubMixedTemplate">
			<param name="nr" value="19"/>
		</include>
		<include condition="String.IsEqual(Window(home).Property(library.tags.20.type),mixed) + String.IsEqual(Window(home).Property(TagHubNr),20)" content="TagHubMixedTemplate">
			<param name="nr" value="20"/>
		</include>
		<include condition="String.IsEqual(Window(home).Property(library.tags.21.type),mixed) + String.IsEqual(Window(home).Property(TagHubNr),21)" content="TagHubMixedTemplate">
			<param name="nr" value="21"/>
		</include>
		<include condition="String.IsEqual(Window(home).Property(library.tags.22.type),mixed) + String.IsEqual(Window(home).Property(TagHubNr),22)" content="TagHubMixedTemplate">
			<param name="nr" value="22"/>
		</include>
		<include condition="String.IsEqual(Window(home).Property(library.tags.23.type),mixed) + String.IsEqual(Window(home).Property(TagHubNr),23)" content="TagHubMixedTemplate">
			<param name="nr" value="23"/>
		</include>
		<include condition="String.IsEqual(Window(home).Property(library.tags.24.type),mixed) + String.IsEqual(Window(home).Property(TagHubNr),24)" content="TagHubMixedTemplate">
			<param name="nr" value="24"/>
		</include>
		<include condition="String.IsEqual(Window(home).Property(library.tags.25.type),mixed) + String.IsEqual(Window(home).Property(TagHubNr),25)" content="TagHubMixedTemplate">
			<param name="nr" value="25"/>
		</include>
		<include condition="String.IsEqual(Window(home).Property(library.tags.26.type),mixed) + String.IsEqual(Window(home).Property(TagHubNr),26)" content="TagHubMixedTemplate">
			<param name="nr" value="26"/>
		</include>
		<include condition="String.IsEqual(Window(home).Property(library.tags.27.type),mixed) + String.IsEqual(Window(home).Property(TagHubNr),27)" content="TagHubMixedTemplate">
			<param name="nr" value="27"/>
		</include>
		<include condition="String.IsEqual(Window(home).Property(library.tags.28.type),mixed) + String.IsEqual(Window(home).Property(TagHubNr),28)" content="TagHubMixedTemplate">
			<param name="nr" value="28"/>
		</include>
		<include condition="String.IsEqual(Window(home).Property(library.tags.29.type),mixed) + String.IsEqual(Window(home).Property(TagHubNr),29)" content="TagHubMixedTemplate">
			<param name="nr" value="29"/>
		</include>
	</controls>
</window>
