<?xml version="1.0" encoding="UTF-8"?>
<window id="1147" type="dialog">
	<zorder>9999</zorder>
	<visible>!Window.IsVisible(startup)</visible>
	<controls>
		<control type="group">
			<visible>!System.ScreenSaverActive + !Window.IsVisible(slideshow)</visible>
			<!-- XMAS -->
			<control type="group">
				<visible>$EXP[HolidayTheme]</visible>
				<control type="group">
					<animation effect="slide" start="60,0" end="-60,0" time="10000" condition="true" reversible="false" pulse="true">Conditional</animation>
					<animation effect="fade" end="20" condition="true">Conditional</animation>
					<control type="image">
						<texture flipx="true" flipy="true">holiday/winter/snow_loop.png</texture>
						<width>2430</width>
						<aspectratio>keep</aspectratio>
						<animation effect="slide" time="30000" start="0,0" end="0,1080" condition="true" loop="true">Conditional</animation>
					</control>
					<control type="image">
						<texture flipx="true" flipy="true">holiday/winter/snow_loop.png</texture>
						<width>2430</width>
						<aspectratio>keep</aspectratio>
						<animation effect="slide" time="30000" start="0,-1080" end="0,0" condition="true" loop="true">Conditional</animation>
					</control>
				</control>
				<control type="group">
					<animation effect="slide" start="-60,0" end="60,0" time="10000" condition="true" reversible="false" pulse="true">Conditional</animation>
					<control type="image">
						<texture>holiday/winter/snow_loop.png</texture>
						<width>2430</width>
						<aspectratio>keep</aspectratio>
						<animation effect="slide" time="16000" start="0,0" end="0,1080" condition="true" loop="true">Conditional</animation>
					</control>
					<control type="image">
						<texture>holiday/winter/snow_loop.png</texture>
						<width>2430</width>
						<aspectratio>keep</aspectratio>
						<animation effect="slide" time="16000" start="0,-1080" end="0,0" condition="true" loop="true">Conditional</animation>
					</control>
				</control>
			</control>
			<!-- Halloween -->
			<control type="group">
				<visible>$EXP[HolidayTheme2]</visible>
				<control type="group">
					<posx>-120</posx>
					<animation effect="rotate" end="15" time="9000" delay="400" pulse="true" condition="true">Conditional</animation>
					<control type="image">
						<posx>-120</posx>
						<posy>200</posy>
						<width>120</width>
						<height>87</height>
						<texture>holiday/halloween/witch.png</texture>
						<aspectratio scalediffuse="false">keep</aspectratio>
						<animation effect="slide" start="0,0" end="2220,0" time="9000" delay="400" reversible="false" loop="true" condition="true">Conditional</animation>
						<animation effect="slide" start="0,10" end="0,100" time="9000" delay="400" reversible="false" pulse="true" condition="true">Conditional</animation>
					</control>
				</control>
				<control type="group">
					<posx>1000</posx>
					<animation effect="rotate" end="1" time="18000" delay="300" pulse="true" condition="true">Conditional</animation>
					<control type="image">
						<posx>1000</posx>
						<posy>1020</posy>
						<width>86</width>
						<height>150</height>
						<texture>holiday/halloween/skeleton.png</texture>
						<aspectratio scalediffuse="false">keep</aspectratio>
						<animation effect="slide" start="0,0" end="-2120,0" time="18000" delay="0" reversible="false" loop="true" condition="true">Conditional</animation>
					</control>
				</control>
				<control type="group">
					<posx>-100</posx>
					<animation effect="rotate" end="20" time="9000" delay="300" pulse="true" condition="true">Conditional</animation>
					<control type="image">
						<posx>100</posx>
						<posy>-100</posy>
						<width>60</width>
						<height>60</height>
						<texture>holiday/halloween/halloween.png</texture>
						<aspectratio scalediffuse="false">keep</aspectratio>
						<animation effect="slide" start="0,0" end="0,1180" time="15000" delay="0" reversible="false" loop="true" condition="true">Conditional</animation>
						<animation effect="slide" start="40,0" end="-20,0" time="3200" delay="300" reversible="false" pulse="true" condition="true">Conditional</animation>
					</control>
					<control type="image">
						<posx>260</posx>
						<posy>-80</posy>
						<width>45</width>
						<height>45</height>
						<texture>holiday/halloween/halloween1.png</texture>
						<aspectratio scalediffuse="false">keep</aspectratio>
						<animation effect="slide" start="0,0" end="0,1180" time="9000" delay="300" reversible="false" loop="true" condition="true">Conditional</animation>
						<animation effect="slide" start="40,0" end="-30,0" time="4000" delay="200" reversible="false" pulse="true" condition="true">Conditional</animation>
					</control>
					<control type="image">
						<posx>390</posx>
						<posy>-110</posy>
						<width>30</width>
						<height>30</height>
						<texture>holiday/halloween/halloween2.png</texture>
						<aspectratio scalediffuse="false">keep</aspectratio>
						<animation effect="slide" start="0,0" end="0,1180" time="10000" delay="500" reversible="false" loop="true" condition="true">Conditional</animation>
						<animation effect="slide" start="20,0" end="-60,0" time="5300" delay="300" reversible="false" pulse="true" condition="true">Conditional</animation>
					</control>
				</control>
				<control type="group">
					<posx>600</posx>
					<animation effect="rotate" start="10" end="60" time="9000" delay="300" pulse="true" condition="true">Conditional</animation>
					<control type="image">
						<posx>100</posx>
						<posy>-100</posy>
						<width>60</width>
						<height>60</height>
						<texture>holiday/halloween/halloween3.png</texture>
						<aspectratio scalediffuse="false">keep</aspectratio>
						<animation effect="slide" start="0,0" end="0,1180" time="15000" delay="1000" reversible="false" loop="true" condition="true">Conditional</animation>
						<animation effect="slide" start="40,0" end="-20,0" time="3200" delay="300" reversible="false" pulse="true" condition="true">Conditional</animation>
					</control>
					<control type="image">
						<posx>260</posx>
						<posy>-80</posy>
						<width>45</width>
						<height>45</height>
						<texture>holiday/halloween/halloween4.png</texture>
						<aspectratio scalediffuse="false">keep</aspectratio>
						<animation effect="slide" start="0,0" end="0,1180" time="9000" delay="1300" reversible="false" loop="true" condition="true">Conditional</animation>
						<animation effect="slide" start="40,0" end="-30,0" time="4000" delay="200" reversible="false" pulse="true" condition="true">Conditional</animation>
					</control>
					<control type="image">
						<posx>390</posx>
						<posy>-110</posy>
						<width>30</width>
						<height>30</height>
						<texture>holiday/halloween/halloween.png</texture>
						<aspectratio scalediffuse="false">keep</aspectratio>
						<animation effect="slide" start="0,0" end="0,1180" time="10000" delay="1500" reversible="false" loop="true" condition="true">Conditional</animation>
						<animation effect="slide" start="20,0" end="-60,0" time="5300" delay="300" reversible="false" pulse="true" condition="true">Conditional</animation>
					</control>
				</control>
				<control type="group">
					<posx>1000</posx>
					<animation effect="rotate" end="20" time="9000" delay="300" pulse="true" condition="true">Conditional</animation>
					<control type="image">
						<posx>100</posx>
						<posy>-100</posy>
						<width>60</width>
						<height>60</height>
						<texture>holiday/halloween/halloween1.png</texture>
						<aspectratio scalediffuse="false">keep</aspectratio>
						<animation effect="slide" start="0,0" end="0,1180" time="15000" delay="2000" reversible="false" loop="true" condition="true">Conditional</animation>
						<animation effect="slide" start="40,0" end="-20,0" time="3200" delay="300" reversible="false" pulse="true" condition="true">Conditional</animation>
					</control>
					<control type="image">
						<posx>260</posx>
						<posy>-80</posy>
						<width>45</width>
						<height>45</height>
						<texture>holiday/halloween/halloween2.png</texture>
						<aspectratio scalediffuse="false">keep</aspectratio>
						<animation effect="slide" start="0,0" end="0,1180" time="9000" delay="2300" reversible="false" loop="true" condition="true">Conditional</animation>
						<animation effect="slide" start="40,0" end="-30,0" time="4000" delay="200" reversible="false" pulse="true" condition="true">Conditional</animation>
					</control>
					<control type="image">
						<posx>390</posx>
						<posy>-110</posy>
						<width>30</width>
						<height>30</height>
						<texture>holiday/halloween/halloween3.png</texture>
						<aspectratio scalediffuse="false">keep</aspectratio>
						<animation effect="slide" start="0,0" end="0,1180" time="10000" delay="2500" reversible="false" loop="true" condition="true">Conditional</animation>
						<animation effect="slide" start="20,0" end="-60,0" time="5300" delay="300" reversible="false" pulse="true" condition="true">Conditional</animation>
					</control>
				</control>
				<control type="group">
					<posx>1400</posx>
					<animation effect="rotate" end="40" time="12000" delay="300" pulse="true" condition="true">Conditional</animation>
					<control type="image">
						<posx>100</posx>
						<posy>-100</posy>
						<width>60</width>
						<height>60</height>
						<texture>holiday/halloween/halloween4.png</texture>
						<aspectratio scalediffuse="false">keep</aspectratio>
						<animation effect="slide" start="0,0" end="0,1180" time="15000" delay="3000" reversible="false" loop="true" condition="true">Conditional</animation>
						<animation effect="slide" start="40,0" end="-20,0" time="3200" delay="300" reversible="false" pulse="true" condition="true">Conditional</animation>
					</control>
					<control type="image">
						<posx>260</posx>
						<posy>-80</posy>
						<width>45</width>
						<height>45</height>
						<texture>holiday/halloween/halloween.png</texture>
						<aspectratio scalediffuse="false">keep</aspectratio>
						<animation effect="slide" start="0,0" end="0,1180" time="9000" delay="3300" reversible="false" loop="true" condition="true">Conditional</animation>
						<animation effect="slide" start="40,0" end="-30,0" time="4000" delay="200" reversible="false" pulse="true" condition="true">Conditional</animation>
					</control>
					<control type="image">
						<posx>390</posx>
						<posy>-110</posy>
						<width>30</width>
						<height>30</height>
						<texture>holiday/halloween/halloween1.png</texture>
						<aspectratio scalediffuse="false">keep</aspectratio>
						<animation effect="slide" start="0,0" end="0,1180" time="10000" delay="3500" reversible="false" loop="true" condition="true">Conditional</animation>
						<animation effect="slide" start="20,0" end="-60,0" time="5300" delay="300" reversible="false" pulse="true" condition="true">Conditional</animation>
					</control>
				</control>
			</control>
		</control>
	</controls>
</window>