<?xml version="1.0" encoding="UTF-8"?>
<window>
	<defaultcontrol>11</defaultcontrol>
	<include>PropertyIncludes</include>
	<animation effect="fade" start="100" end="0" time="0">WindowClose</animation>
	<controls>
		<control type="group">
			<visible>!Window.IsVisible(pvrguideinfo)</visible>
			<!--Top-->
			<include>PlayerTopBar</include>
			<!--Bottom-->
			<control type="group">
				<bottom>0</bottom>
				<include content="ParamHeight" condition="String.IsEqual(Skin.String(EPGar),2to3)">
					<param name="height" value="553"/>
				</include>
				<include content="ParamHeight" condition="String.IsEqual(Skin.String(EPGar),4to3)">
					<param name="height" value="425"/>
				</include>
				<include content="ParamHeight" condition="String.IsEmpty(Skin.String(EPGar))">
					<param name="height" value="440"/>
				</include>
				<control type="image">
					<bottom>0</bottom>
					<width>100%</width>
					<include content="ParamHeight" condition="String.IsEqual(Skin.String(EPGar),2to3)">
						<param name="height" value="513"/>
					</include>
					<include content="ParamHeight" condition="String.IsEqual(Skin.String(EPGar),4to3)">
						<param name="height" value="385"/>
					</include>
					<include content="ParamHeight" condition="String.IsEmpty(Skin.String(EPGar))">
						<param name="height" value="400"/>
					</include>
					<texture colordiffuse="black">views/player/mask_bottom.png</texture>
				</control>
				<include condition="String.IsEmpty(Skin.String(EPGar))" content="WideWidget">
					<param name="id" value="11"/>
					<param name="onup" value="noop"/>
					<param name="ondown" value="noop"/>
					<param name="headline" value="[COLOR white]$INFO[VideoPlayer.Channelname] - $LOCALIZE[19222][/COLOR]"/>
					<param name="mainlabel" value="$INFO[ListItem.Title]"/>
					<param name="thumblabel" value="$INFO[ListItem.Title]"/>
					<param name="sublabel" value="$INFO[ListItem.Date]"/>
					<param name="use_custom_content" value="false"/>
					<param name="layout" value="PVRLandscapeLayout"/>
				</include>
				<include condition="String.IsEqual(Skin.String(EPGar),4to3)" content="4to3Widget">
					<param name="id" value="11"/>
					<param name="onup" value="noop"/>
					<param name="ondown" value="noop"/>
					<param name="headline" value="[COLOR white]$INFO[VideoPlayer.Channelname] - $LOCALIZE[19222][/COLOR]"/>
					<param name="mainlabel" value="$INFO[ListItem.Title]"/>
					<param name="thumblabel" value="$INFO[ListItem.Title]"/>
					<param name="sublabel" value="$INFO[ListItem.Date]"/>
					<param name="use_custom_content" value="false"/>
					<param name="layout" value="PVR4to3Layout"/>
				</include>
				<include condition="String.IsEqual(Skin.String(EPGar),2to3)" content="PosterWidget">
					<param name="id" value="11"/>
					<param name="onup" value="noop"/>
					<param name="ondown" value="noop"/>
					<param name="headline" value="[COLOR white]$INFO[VideoPlayer.Channelname] - $LOCALIZE[19222][/COLOR]"/>
					<param name="mainlabel" value="$INFO[ListItem.Title]"/>
					<param name="thumblabel" value="$INFO[ListItem.Title]"/>
					<param name="sublabel" value="$INFO[ListItem.Date]"/>
					<param name="use_custom_content" value="false"/>
					<param name="layout" value="PVRPosterLayout"/>
				</include>
			</control>
		</control>
	</controls>
</window>
