<?xml version="1.0" encoding="utf-8"?><!--450-->
<window>
	<defaultcontrol always="true">10</defaultcontrol>
	<backgroundcolor>background</backgroundcolor>
	<include content="PropertyIncludes">
		<param name="ShowHeader" value="true"/>
	</include>
	<controls>
		<!-- background -->
		<include content="Background">
			<param name="forced_visible" value="true"/>
		</include>
		<!-- favs -->
		<control type="grouplist" id="10">
			<include>Window_OpenClose</include>
			<defaultcontrol>10000</defaultcontrol>
			<width>100%</width>
			<height>100%</height>
			<itemgap>-80</itemgap>
			<orientation>vertical</orientation>
			<usecontrolcoords>true</usecontrolcoords>
			<include>ScrollTime</include>
			<pagecontrol>17</pagecontrol>
			<include content="WidgetSpacer">
				<param name="id" value="101"/>
			</include>
			<!-- local favs -->
			<include content="SquareWidget">
				<param name="id" value="450"/>
				<param name="onup" value="noop"/>
				<param name="ondown" value="202"/>
				<param name="height" value="476"/>
				<param name="layout" value="SquareFavourites"/>
				<param name="mainlabel" value="$INFO[ListItem.Label]"/>
				<param name="headline" value="$LOCALIZE[31063]"/>
				<param name="use_custom_content" value="false"/>
			</include>
			<include content="PosterWidget">
				<param name="id" value="202"/>
				<param name="onup" value="450"/>
				<param name="ondown" value="203"/>
				<param name="headline" value="$LOCALIZE[31407]"/>
				<param name="mainlabel" value="$INFO[ListItem.Title]"/>
				<param name="sublabel" value="$INFO[ListItem.Year]"/>
				<param name="use_custom_onclick" value="true"/>
				<param name="onclick" value="RunScript(script.embuary.helper,action=playitem,item='$ESCINFO[ListItem.Filenameandpath]')"/>
				<param name="content" value="videodb://movies/titles/?xsp=%7b%22group%22%3a%7b%22mixed%22%3afalse%2c%22type%22%3a%22none%22%7d%2c%22rules%22%3a%7b%22and%22%3a%5b%7b%22field%22%3a%22tag%22%2c%22operator%22%3a%22contains%22%2c%22value%22%3a%5b%22Watchlist%22%5d%7d%5d%7d%2c%22type%22%3a%22movies%22%7d&amp;reload=$INFO[System.Time(mm)]"/>
			</include>
			<include content="PosterWidget">
				<param name="id" value="203"/>
				<param name="onup" value="202"/>
				<param name="ondown" value="204"/>
				<param name="headline" value="$LOCALIZE[31408]"/>
				<param name="mainlabel" value="$INFO[ListItem.Title]"/>
				<param name="sublabel" value="$INFO[ListItem.Year]"/>
				<param name="use_custom_onclick" value="true"/>
				<param name="onclick" value="RunScript(script.embuary.helper,action=goto,path='$ESCINFO[ListItem.FolderPath]',target=videos)"/>
				<param name="content" value="videodb://tvshows/titles/?xsp=%7b%22group%22%3a%7b%22mixed%22%3afalse%2c%22type%22%3a%22none%22%7d%2c%22rules%22%3a%7b%22and%22%3a%5b%7b%22field%22%3a%22tag%22%2c%22operator%22%3a%22contains%22%2c%22value%22%3a%5b%22Watchlist%22%5d%7d%5d%7d%2c%22type%22%3a%22tvshows%22%7d&amp;reload=$INFO[System.Time(mm)]"/>
			</include>
			<!-- emby movies -->
			<include content="PosterWidget">
				<param name="visible" value="System.HasAddon(plugin.video.emby)"/>
				<param name="id" value="204"/>
				<param name="onup" value="203"/>
				<param name="ondown" value="205"/>
				<param name="headline" value="$LOCALIZE[31062] [COLOR text_sublabel](Emby)[/COLOR]"/>
				<param name="mainlabel" value="$INFO[ListItem.Title]"/>
				<param name="sublabel" value="$INFO[ListItem.Year]"/>
				<param name="use_custom_onclick" value="true"/>
				<param name="onclick" value="RunScript(script.embuary.helper,action=playitem,item='$ESCINFO[ListItem.Filenameandpath]')"/>
				<param name="content" value="videodb://movies/titles/?xsp=%7b%22group%22%3a%7b%22mixed%22%3afalse%2c%22type%22%3a%22none%22%7d%2c%22rules%22%3a%7b%22and%22%3a%5b%7b%22field%22%3a%22tag%22%2c%22operator%22%3a%22contains%22%2c%22value%22%3a%5b%22Favorite%20movies%22%5d%7d%5d%7d%2c%22type%22%3a%22movies%22%7d&amp;reload=$INFO[System.Time(mm)]"/>
			</include>
			<include content="PosterWidget">
				<param name="visible" value="System.HasAddon(plugin.video.embycon)"/>
				<param name="id" value="205"/>
				<param name="onup" value="204"/>
				<param name="ondown" value="206"/>
				<param name="headline" value="$LOCALIZE[31062]$VAR[EmbyConLabel]"/>
				<param name="mainlabel" value="$INFO[ListItem.Title]"/>
				<param name="sublabel" value="$INFO[ListItem.Year]"/>
				<param name="sortby" value="label"/>
				<param name="use_custom_onclick" value="true"/>
				<param name="onclick" value="RunScript(script.embuary.helper,action=playitem,item='$ESCINFO[ListItem.Filenameandpath]')"/>
				<param name="content" value="$VAR[EmbyCon.FavMovies]"/>
			</include>
			<!-- emby shows -->
			<include content="PosterWidget">
				<param name="visible" value="System.HasAddon(plugin.video.emby)"/>
				<param name="id" value="206"/>
				<param name="onup" value="205"/>
				<param name="ondown" value="207"/>
				<param name="headline" value="$LOCALIZE[31064] [COLOR text_sublabel](Emby)[/COLOR]"/>
				<param name="mainlabel" value="$INFO[ListItem.Title]"/>
				<param name="sublabel" value="$INFO[ListItem.Year]"/>
				<param name="use_custom_onclick" value="true"/>
				<param name="onclick" value="RunScript(script.embuary.helper,action=goto,path='$ESCINFO[ListItem.FolderPath]',target=videos)"/>
				<param name="content" value="videodb://tvshows/titles/?xsp=%7b%22group%22%3a%7b%22mixed%22%3afalse%2c%22type%22%3a%22none%22%7d%2c%22rules%22%3a%7b%22and%22%3a%5b%7b%22field%22%3a%22tag%22%2c%22operator%22%3a%22contains%22%2c%22value%22%3a%5b%22Favorite%20tvshows%22%5d%7d%5d%7d%2c%22type%22%3a%22tvshows%22%7d&amp;reload=$INFO[System.Time(mm)]"/>
			</include>
			<include content="PosterWidget">
				<param name="visible" value="System.HasAddon(plugin.video.embycon)"/>
				<param name="id" value="207"/>
				<param name="onup" value="206"/>
				<param name="ondown" value="208"/>
				<param name="headline" value="$LOCALIZE[31064]$VAR[EmbyConLabel]"/>
				<param name="mainlabel" value="$INFO[ListItem.Title]"/>
				<param name="sublabel" value="$INFO[ListItem.Year]"/>
				<param name="sortby" value="label"/>
				<param name="use_custom_onclick" value="true"/>
				<param name="onclick" value="RunScript(script.embuary.helper,action=goto,path='$ESCINFO[ListItem.Filenameandpath]',target=videos)"/>
				<param name="content" value="$VAR[EmbyCon.FavTVShows]"/>
			</include>
			<!-- emby episodes -->
			<include content="WideWidget">
				<param name="visible" value="System.HasAddon(plugin.video.emby)"/>
				<param name="id" value="208"/>
				<param name="onup" value="207"/>
				<param name="ondown" value="209"/>
				<param name="headline" value="$LOCALIZE[31065] [COLOR text_sublabel](Emby)[/COLOR]"/>
				<param name="sublabel" value="$INFO[ListItem.TvShowTitle]"/>
				<param name="mainlabel" value="$VAR[ListItemSeasonEpisode]$INFO[ListItem.Title]"/>
				<param name="icon" value="$VAR[IconEpisodeThumb]"/>
				<param name="use_custom_onclick" value="true"/>
				<param name="onclick" value="RunScript(script.embuary.helper,action=playitem,item='$ESCINFO[ListItem.Filenameandpath]')"/>
				<param name="content" value="$VAR[Emby.FavEpisodes]"/>
			</include>
			<include content="WideWidget">
				<param name="visible" value="System.HasAddon(plugin.video.embycon)"/>
				<param name="id" value="209"/>
				<param name="onup" value="208"/>
				<param name="ondown" value="210"/>
				<param name="headline" value="$LOCALIZE[31065]$VAR[EmbyConLabel]"/>
				<param name="sublabel" value="$INFO[ListItem.TvShowTitle]"/>
				<param name="mainlabel" value="$VAR[ListItemSeasonEpisode]$INFO[ListItem.Title]"/>
				<param name="icon" value="$VAR[IconEpisodeThumb]"/>
				<param name="sortby" value="label"/>
				<param name="use_custom_onclick" value="true"/>
				<param name="onclick" value="RunScript(script.embuary.helper,action=playitem,item='$ESCINFO[ListItem.Filenameandpath]')"/>
				<param name="content" value="$VAR[EmbyCon.FavEpisodes]"/>
			</include>
			<!-- Fav artist -->
			<include content="SquareWidget">
				<param name="visible" value="System.HasAddon(plugin.video.embycon)"/>
				<param name="id" value="210"/>
				<param name="onup" value="209"/>
				<param name="ondown" value="211"/>
				<param name="headline" value="$LOCALIZE[31212]$VAR[EmbyConLabel]"/>
				<param name="mainlabel" value="$INFO[ListItem.Title]"/>
				<param name="sublabel" value="$INFO[ListItem.Year]"/>
				<param name="sortby" value="label"/>
				<param name="use_custom_onclick" value="true"/>
				<param name="onclick" value="RunScript(script.embuary.helper,action=goto,path='$ESCINFO[ListItem.Filenameandpath]',target=music)"/>
				<param name="widget_target" value="music"/>
				<param name="content" value="$VAR[EmbyCon.FavArtists]"/>
			</include>
			<!-- fav album -->
			<include content="SquareWidget">
				<param name="visible" value="System.HasAddon(plugin.video.embycon)"/>
				<param name="id" value="211"/>
				<param name="onup" value="210"/>
				<param name="ondown" value="212"/>
				<param name="headline" value="$LOCALIZE[31213]$VAR[EmbyConLabel]"/>
				<param name="mainlabel" value="$INFO[ListItem.Title]"/>
				<param name="sublabel" value="$INFO[ListItem.Artist]"/>
				<param name="sortby" value="label"/>
				<param name="use_custom_onclick" value="true"/>
				<param name="onclick" value="RunScript(script.embuary.helper,action=goto,path='$ESCINFO[ListItem.Filenameandpath]',target=music)"/>
				<param name="widget_target" value="music"/>
				<param name="content" value="$VAR[EmbyCon.FavAlbums]"/>
			</include>
			<!-- fav song -->
			<include content="SquareWidget">
				<param name="visible" value="System.HasAddon(plugin.video.embycon)"/>
				<param name="id" value="212"/>
				<param name="onup" value="211"/>
				<param name="ondown" value="213"/>
				<param name="headline" value="$LOCALIZE[31214]$VAR[EmbyConLabel]"/>
				<param name="mainlabel" value="$INFO[ListItem.Title]"/>
				<param name="sublabel" value="$INFO[ListItem.Artist]"/>
				<param name="sortby" value="label"/>
				<param name="use_custom_onclick" value="true"/>
				<param name="onclick" value="RunScript(script.embuary.helper,action=playitem,item='$ESCINFO[ListItem.Filenameandpath]')"/>
				<param name="widget_target" value="music"/>
				<param name="content" value="$VAR[EmbyCon.FavSongs]"/>
			</include>
			<!-- fav person -->
			<include content="CastWidget">
				<param name="visible" value="System.HasAddon(plugin.video.embycon)"/>
				<param name="id" value="213"/>
				<param name="onup" value="212"/>
				<param name="ondown" value="noop"/>
				<param name="height" value="551"/>
				<param name="headline" value="$LOCALIZE[31212]$VAR[EmbyConLabel]"/>
				<param name="mainlabel" value="$INFO[ListItem.Label]"/>
				<param name="sublabel" value=""/>
				<param name="force_search" value="true"/>
				<param name="content" value="$VAR[EmbyCon.FavPerson]"/>
			</include>

		</control>
		<!-- header bar -->
		<include content="HeaderBar">
			<param name="id">10</param>
			<param name="header_label">$LOCALIZE[1036]</param>
		</include>
		<!-- side panel -->
		<include content="SidePanel">
			<param name="onright">10</param>
		</include>
	</controls>
</window>
