<?xml version="1.0" encoding="UTF-8"?>
<window>
	<onload condition="!Skin.HasSetting(FontCheck)">RunScript(script.embuary.helper,action=fontchange,locales=ja+zh+ar+he+ko+vi+bn+my+hi+ks+km+ms,font=Arial)</onload>
	<onload condition="!Skin.HasSetting(FontCheck)">Skin.ToggleSetting(FontCheck)</onload>
	<onload>Skin.SetBool(ClearPlaylist)</onload>
	<onload>Skin.SetBool(ReloadOnLogin)</onload>
	<onload>SetProperty(startup,1,home)</onload>
	<onload>AlarmClock(startup,ClearProperty(startup,home),00:10,silent)</onload>
	<onload>ReplaceWindow($VAR[StartUpWindow])</onload>
	<include>PropertyIncludes</include>
	<controls/>
</window>
