<?xml version="1.0" encoding="UTF-8"?>
<addon id="skin.embuary-matrix" version="19.0.0" name="Embuary-4-MTRX" provider-name="Radiick">
	<requires>
		<import addon="xbmc.gui" version="5.15.0"/>
		<import addon="script.embuary.helper" version="1.3.6"/>
		<import addon="script.embuary.info" version="1.2.4"/>
		<import addon="resource.uisounds.embuary" version="0.0.4"/>
		<import addon="plugin.program.autocompletion" version="1.0.1"/>
		<import addon="script.skinshortcuts" version="1.0.17"/>
	</requires>
	<extension point="xbmc.gui.skin" debugging="false">
		<res width="1920" height="1080" aspect="16:9" default="true" folder="xml" />
	</extension>
	<extension point="xbmc.addon.metadata">
		<summary lang="es_MX">Embuary skin para Matrix</summary>
		
		<description lang="es_MX">Modificación de Embuary para que este disponible en Matrix</description>
		
		<disclaimer lang="es_MX">No mouse support. With the installation of the skin you agree that you don't use it in combination with blacklisted and illegal Kodi add-ons. I'm not associated with any available build and I won't give any support to blacklisted, banned or illegal third party addons.</disclaimer>
		
		<platform>all</platform>
		<license>CC-BY-NC-ND-4.0</license>
		<forum>https://emby.media/community/index.php?/topic/49724-beta-embuary-the-emby-kodi-skin/</forum>
		<source>https://github.com/radiick/repositoryRDK</source>
		<assets>
			<icon>resources/icon.png</icon>
			<fanart>resources/fanart.jpg</fanart>
			<screenshot>resources/screenshot-01.jpg</screenshot>
			<screenshot>resources/screenshot-02.jpg</screenshot>
			<screenshot>resources/screenshot-03.jpg</screenshot>
			<screenshot>resources/screenshot-04.jpg</screenshot>
			<screenshot>resources/screenshot-05.jpg</screenshot>
			<screenshot>resources/screenshot-06.jpg</screenshot>
			<screenshot>resources/screenshot-07.jpg</screenshot>
			<screenshot>resources/screenshot-08.jpg</screenshot>
			<screenshot>resources/screenshot-09.jpg</screenshot>
			<screenshot>resources/screenshot-10.jpg</screenshot>
		</assets>
	</extension>
</addon>
