<?xml version="1.0" encoding="UTF-8" standalone="yes"?>
<addon id="repositoryRDK" name="Radiick Repo" version="1.7" provider-name="Radiick">
    <extension point="xbmc.addon.repository" name="Example Repository">
        <dir>
            <info compressed="false">https://raw.githubusercontent.com/Radiick/repositoryRDK/master/zips/addons.xml</info>
            <checksum>https://raw.githubusercontent.com/Radiick/repositoryRDK/master/zips/addons.xml.md5</checksum>
            <datadir zip="true">https://raw.githubusercontent.com/Radiick/repositoryRDK/master/zips/</datadir>
        </dir>
    </extension>
    <extension point="xbmc.addon.metadata">
        <summary>Radiick Repo</summary>
        <description>Nada por aquí...</description>
        <disclaimer></disclaimer>
        <platform>all</platform>
        <assets>
            <icon>icon.png</icon>
            <fanart>fanart.jpg</fanart>
        </assets>
    </extension>
</addon>